,precision,recall,f1-score,support
0,0.5161290322580645,0.5052631578947369,0.5106382978723404,95.0
1,0.5607476635514018,0.5714285714285714,0.5660377358490566,105.0
accuracy,0.54,0.54,0.54,0.54
macro avg,0.5384383479047332,0.5383458646616541,0.5383380168606985,200.0
weighted avg,0.5395538136870666,0.54,0.5397230028101164,200.0
